,stem_age,a_bl_mean,a_bl_median,a_bl_var,e_bl_mean,e_bl_median,e_bl_var,i_bl_mean_1,i_bl_median_1,i_bl_var_1,i_bl_mean_2,i_bl_median_2,i_bl_var_2,i_bl_mean_3,i_bl_median_3,i_bl_var_3,ie_bl_mean_1,ie_bl_median_1,ie_bl_var_1,ie_bl_mean_2,ie_bl_median_2,ie_bl_var_2,ie_bl_mean_3,ie_bl_median_3,ie_bl_var_3,colless,sackin,wd_ratio,delta_w,max_ladder,il_nodes,staircaseness_1,staircaseness_2,slope,slope_1,slope_2,slope_3,slope_1_2,slope_2_3,mean_b_time_1,mean_b_time_2,mean_b_time_3,x_1,x_2,x_3,x_4,x_5,x_6,x_7,x_8,x_9,x_10,x_11,x_12,x_13,x_14,x_15,x_16,x_17,x_18,x_19,x_20,y_1,y_2,y_3,y_4,y_5,y_6,y_7,y_8,y_9,y_10,y_11,y_12,y_13,y_14,y_15,y_16,y_17,y_18,y_19,y_20,number_sumchain,mean_sumchain,min_sumchain,1st_decile_sumchain,2nd_decile_sumchain,3rd_decile_sumchain,4th_decile_sumchain,median_sumchain,6th_decile_sumchain,7th_decile_sumchain,8th_decile_sumchain,9th_decile_sumchain,max_sumchain,var_sumchain,nb_tips,type_1,type_2
0,20.21089507244217,1.0,0.471295529039083,2.3771379587728707,1.035193331333617,0.5231190938937487,2.609868337358067,1.635695873008379,2.0046235628068905,0.9445484958416931,1.580087335861358,3.8320596327039285,0.3619142323470027,2.7832358246458146,1.8438265915796919,7.119617806616109,2.6886145229125775,3.524678439579561,2.7279605276269216,0.8638194257838532,0.40307490461848605,1.7339552620354894,0.8344522705444919,0.7705222564488443,0.6643841902732718,1183,2699,4.625,28.0,0.019230769230769232,0.3590733590733591,0.6525096525096525,0.6250113686479911,0.027064243876518245,0.12296947683735392,0.01093066126193312,0.005902226265276004,11.249957700693251,1.851955647014148,1.5495077779656483,0.37771274742314226,0.026670420787402744,7.623084838696724,13.914916233920168,16.362306769824492,17.320438557679957,17.856567240815558,18.252821786189347,18.57725628336802,18.863196627551066,19.073772380568585,19.277363131929018,19.41234909323993,19.49633186309588,19.58526525997295,19.656547854775877,19.750530285633197,19.817206677771985,19.904124624428295,19.964215320071098,20.031306156903156,20.141614680769347,7.5,20.0,33.0,46.0,59.0,72.0,85.0,98.0,111.0,124.0,137.0,150.0,163.0,176.0,189.0,202.0,215.0,228.0,241.0,254.0,88,2.6555003300938114,0.2920964564535696,0.6565097270017461,0.814509480415522,1.020950059463685,1.2755116415290448,1.5679057790339992,1.7514913418229716,2.6950713898404484,4.107289979000353,6.219216490048452,15.424060757480456,8.024469473930559,260,156,104
